<?xml version="1.0" encoding="UTF-8"?>
<beans xmlns="http://www.springframework.org/schema/beans" 
    xmlns:xsi="http://www.w3.org/2001/XMLSchema-instance"
    xmlns:mvc="http://www.springframework.org/schema/mvc"
    xmlns:p="http://www.springframework.org/schema/p" 
    xmlns:context="http://www.springframework.org/schema/context"
    xsi:schemaLocation="
http://www.springframework.org/schema/beans 
http://www.springframework.org/schema/beans/spring-beans-3.0.xsd
http://www.springframework.org/schema/context 
http://www.springframework.org/schema/context/spring-context-3.0.xsd
http://www.springframework.org/schema/mvc
http://www.springframework.org/schema/mvc/spring-mvc.xsd">

 <!-- static file configuration  -->
<mvc:annotation-driven/>
<mvc:resources mapping="/resources/**" location="WEB-INF/resources/" />

    <!-- Controller Configuration and Annotation  -->
<context:component-scan base-package="com.ceapp"/>
<context:annotation-config/>


<!-- view configuration with Spring application. -->
<bean  class="org.springframework.web.servlet.view.InternalResourceViewResolver">
<property name="prefix" value="/WEB-INF/resources/views/"/>
<property name="suffix" value=".jsp"/>
</bean>

<bean id="dataSource"
class ="org.apache.commons.dbcp2.BasicDataSource" destroy-method="close">
<property name="driverClassName" value="com.mysql.jdbc.Driver"/>
<property name="url" value="jdbc:mysql://localhost:3306/java_bootcamp"/>
<property name="username" value="root"/>
<property name="password" value="Root@123"/>
	
</bean>

<bean id="jdbcTemplate" class="org.springframework.jdbc.core.JdbcTemplate">
	<property name="dataSource" ref="dataSource"></property>
</bean>

<bean id="multipartResolver"
        class="org.springframework.web.multipart.commons.CommonsMultipartResolver">

 

         <!-- setting maximum upload size -->
<property name="maxUploadSize" value="100000" />

 

    </bean>
</beans>
